OBJECTID,STOPNAME,TRAPEZESTOPABBR,RUCUSSTOPABBR,STOPID,LATITUDE,LONGITUDE,ACCESSIBILITYMASK,ATSTREET,ONSTREET,POSITION,ORIENTATION,SERVICEPLANNINGSTOPTYPE,SHELTER,INSERT_TIMESTAMP,SDE_ID,SIGNUPID,SUPERVISOR_DISTRICT,point,SF Find Neighborhoods,Current Police Districts,Current Supervisor Districts,Analysis Neighborhoods
9330,Divisadero St&Geary Blvd NE-FS/BZ,DIVIGEA1,DIVIGEAR,4421,37.783375,-122.439412,0,GEARY BLVD,DIVISADERO ST,FS,NE,BZ,1,04/20/2020 11:54:43 AM +0000,2209004,121,,"(37.78337005655907, -122.43939878083722)",103,4,11,15
10360,Bosworth St&Lippard Ave SW-NS/PS,BOSWLIP0,BOSWLIPP,3699,37.733827,-122.43597,0,LIPPARD AVE,BOSWORTH ST,NS,SW,,0,04/20/2020 11:54:43 AM +0000,2203317,121,,"(37.73382206038596, -122.43595678708697)",96,9,5,41
9180,Silver Ave&Gambier St SW-NS/PS,SILVGAM0,SILVGAMB,6407,37.728748,-122.422786,0,GAMBIER ST,SILVER AVE,NS,SW,,0,04/20/2020 11:54:43 AM +0000,2206807,121,,"(37.728743059844035, -122.42277278964266)",92,9,2,7
10227,Treasure Island Rd&Clipper Cove Way SE-NS/SB,TIRDCLCO,,8000,37.815757,-122.370979,,,AVENUE OF PALMS,,,,,04/20/2020 11:54:43 AM +0000,2210654,121,,"(37.815752048889834, -122.37096578730862)",,1,10,
10483,Castro St&Duboce Ave SE-NS/BZ,CTRODUB1,CTRODUBO,4331,37.76895,-122.43571,0,DUBOCE AVE,CASTRO ST,NS,SE,BZ,1,04/20/2020 11:54:43 AM +0000,2204387,121,,"(37.76894505747522, -122.43569678306233)",28,7,5,5
10361,Haight St&Divisadero St SE-FS/BZ,HAITDIV1,HAITDIVI,4951,37.771231,-122.436743,0,DIVISADERO ST,HAIGHT ST,FS,SE,BZ,1,04/20/2020 11:54:43 AM +0000,2205087,121,,"(37.77122605736295, -122.43672978264378)",26,4,11,3
8688,Castro St&18TH St SW-FS/BB,CTRO18S0,CTRO18ST,4315,37.760863,-122.435048,0,18TH ST,CASTRO ST,FS,SW,BB,0,04/20/2020 11:54:43 AM +0000,2203820,121,,"(37.76085805809237, -122.43503478409787)",38,3,5,5
8814,Cortland Ave&Bocana St SW-NS/BZ,CORTBOC0,CORTBOCN,4146,37.73931,-122.41872,0,BOCANA ST,CORTLAND AVE,NS,SW,BZ,0,04/20/2020 11:54:43 AM +0000,2203572,121,,"(37.73930505867698, -122.41870678903011)",61,9,2,2
9946,Castro St&22ND St NW-NS/PS,CTRO22S0,CTRO22ST,4322,37.75464,-122.43448,0,22ND ST,CASTRO ST,NS,NW,,0,04/20/2020 11:54:43 AM +0000,2207287,121,,"(37.75463505856322, -122.43446678490302)",115,3,5,22
8160,Fillmore St&Haight St SE-NS/BZ,FILLHAIT,FILLHAIT,4620,37.772033,-122.430347,0,WEBSTER ST,HAIGHT ST,FS,SW,,0,04/20/2020 11:54:43 AM +0000,2207293,121,,"(37.77202805682997, -122.43033378350614)",26,4,11,9
9464,Fillmore St&Union St NE-FS/BZ,FILLUNI1,FILLUNIN,4643,37.797391,-122.435489,0,UNION ST,FILLMORE ST,FS,NE,BZ,1,04/20/2020 11:54:43 AM +0000,2207296,121,,"(37.797386055120086, -122.43547577979638)",15,4,6,13
8690,Silver Ave&Mission St SE-FS/BZ,SILVMIS0,SILVMISS,6415,37.72866,-122.431217,0,MISSION ST,SILVER AVE,FS,SE,BZ,0,04/20/2020 11:54:43 AM +0000,2208514,121,,"(37.728655060465414, -122.43120378839355)",90,9,1,7
9195,Palou Ave&Phelps St W-NS/PS,PALUPHL0,PALUPHLP,5880,37.7361,-122.39481,0,PHELPS ST,PALOU AVE,NS,W,,0,04/20/2020 11:54:43 AM +0000,2209864,121,,"(37.73609505719948, -122.39479679297493)",87,2,9,1
10555,30th St&Church St NE-NS/BZ,30STCHU1,30STCHUR,3535,37.742159,-122.426369,0,CHURCH ST,30TH ST,NS,NE,BZ,0,04/20/2020 11:54:43 AM +0000,2203455,121,,"(37.74215405899976, -122.4263557875581)",84,9,5,22
7422,Middle Point Rd&West Point Rd SW-FS,MDPTWPT3,MDPTWPTS,5504,37.73502,-122.37947,0,WEST POINT RD,MIDDLE POINT RD,FS,SW,,0,04/20/2020 11:54:43 AM +0000,2205443,121,,"(37.73501505617105, -122.37945679539416)",86,2,9,1
8218,Steiner St&Green St SE-NS/PS,STEIGRE1,STEIGREN,6487,37.795859,-122.436863,0,GREEN ST,STEINER ST,NS,SE,,0,04/20/2020 11:54:43 AM +0000,2208718,121,,"(37.79585405534647, -122.43684977976906)",102,4,6,13
7908,Church St&Duboce Ave NW-NS/BZ,CHURDUB0,CHURDUBO,4005,37.769499,-122.429167,0,DUBOCE AVE,CHURCH ST,NS,NW,SI,0,04/20/2020 11:54:43 AM +0000,2203698,121,,"(37.76949405695233, -122.42915378397605)",28,7,5,9
8816,O'Farrell St&Larkin St SE-FS/BZ,OFARLAR1,OFARLARK,5813,37.785138,-122.4177,0,LARKIN ST,OFARRELL ST,FS,SE,BZ,0,04/20/2020 11:54:43 AM +0000,2206032,121,,"(37.785133054827654, -122.41768678387638)",20,5,10,36
8324,Geary Blvd&33RD Ave SW-NS/BZ,GEAR33A1,GEAR33AV,4279,37.779574,-122.493399,0,33RD AVE,GEARY BLVD,NS,SW,BZ,1,04/20/2020 11:54:43 AM +0000,2209579,121,,"(37.77956906081609, -122.49338577322317)",8,8,4,29
8565,Castro St&24TH St SE-NS/BZ,CTRO24S1,CTRO24ST,4326,37.7512,-122.43401,0,24TH ST,CASTRO ST,NS,SE,BZ,0,04/20/2020 11:54:43 AM +0000,2206490,121,,"(37.75119505881217, -122.43399678537124)",84,3,5,22
10815,30th St&Sanchez St SW-NS/PS,30STSNC0,30STSNCZ,3544,37.74191,-122.42902,0,SANCHEZ ST,30TH ST,NS,SW,,0,04/20/2020 11:54:43 AM +0000,2203116,121,,"(37.741905059213515, -122.42900678719083)",59,9,5,10
10560,Mission St&20th St NE-FS/BZ,MISS20S1,MISS20ST,5557,37.75911,-122.41902,0,20TH ST,MISSION ST,FS,NE,BZ,1,04/20/2020 11:54:43 AM +0000,2205601,121,,"(37.759105057067245, -122.41900678669516)",53,3,2,20
8959,Market St&3rd St E-FS/BZ,MRKT.3ST,MRKT.3ST,5641,37.787667,-122.403359,0,GEARY ST,MARKET ST,NS,S,BZ,0,04/20/2020 11:54:43 AM +0000,2206153,121,,"(37.787662053571545, -122.40334578572674)",32,6,3,8
7913,Mission St&Appleton Ave E-FS/BZ,MISSAPT1,MISSAPTN,5577,37.738867,-122.423871,0,APPLETON AVE,MISSION ST,FS,E,BZ,0,04/20/2020 11:54:43 AM +0000,2205543,121,,"(37.73886205908896, -122.42385778831175)",61,9,2,2
10992,Newcomb Ave&La Salle Ave E-FS/PS,NEWCLSA0,NEWCLSAL,5488,37.733044,-122.384858,0,LA SALLE AVE,NEWCOMB AVE,FS,E,,0,04/20/2020 11:54:43 AM +0000,2205437,121,,"(37.73303905672677, -122.38484479481633)",86,2,9,1
9626,Castro St&18TH St SE-NS/BB,CTRO18S1,CTRO18ST,4314,37.760836,-122.434934,0,18TH ST,CASTRO ST,NS,SE,BB,0,04/20/2020 11:54:43 AM +0000,2203819,121,,"(37.76083105808628, -122.43492078411803)",38,3,5,5
9554,Noe St&27th St NW-NS/PS,NOE 27S0,NOE 27ST,5732,37.74668,-122.43148,0,27TH ST,NOE ST,NS,NW,,0,04/20/2020 11:54:43 AM +0000,2205355,121,,"(37.746675058999934, -122.43146678627193)",84,9,5,22
10888,Castro St&19TH St NW-NS/PS,CTRO19S0,CTRO19ST,4316,37.75939,-122.43491,0,19TH ST,CASTRO ST,NS,NW,,0,04/20/2020 11:54:43 AM +0000,2203822,121,,"(37.75938505820356, -122.43489678428902)",38,3,5,5
9622,Mission St&Geneva Ave E-FS/BB,MISSGNV1,MISSGNVA,5593,37.716642,-122.440782,0,GENEVA AVE,MISSION ST,FS,W,BZ,1,04/20/2020 11:54:43 AM +0000,2205572,121,,"(37.716637062152444, -122.44076878835239)",90,9,1,7
9231,Woodside Ave&Hernandez Ave SW-NS,WDSDHRD0,WDSDHRDZ,6935,37.746283,-122.455593,0,HERNANDEZ AVE,WOODSIDE AVE,FS,SE,,0,04/20/2020 11:54:43 AM +0000,2209791,121,,"(37.746278060790914, -122.45557978271786)",49,7,8,41
9019,Silver Ave&Palou Ave S-NS/PS,SILVPAL0,SILVPALU,6416,37.7371,-122.39663,0,PALOU AVE,SILVER AVE,NS,S,,0,04/20/2020 11:54:43 AM +0000,2208516,121,,"(37.737095057249526, -122.39661679258728)",87,2,9,1
8005,Mission St&4th St W-FS/BZ,MISS 4S0,MISS 4ST,5534,37.78436,-122.40452,0,04TH ST,MISSION ST,FS,W,BZ,1,04/20/2020 11:54:43 AM +0000,2209095,121,,"(37.784355053928735, -122.40450678593675)",32,1,10,34
10543,6 Portola Dr NW-MB/SB,PORTH  6,PORTH  6,6008,37.749951,-122.443483,0,CORBETT AVE,PORTOLA DR,MB,NW,,0,04/20/2020 11:54:43 AM +0000,2206866,121,,"(37.749946059605925, -122.4434697841012)",51,3,5,38
9233,Woodside Ave&Portola Dr N-FS/BZ,WDSDPOR1,WDSDPORT,6937,37.745766,-122.452431,0,PORTOLA DR,WOODSIDE AVE,FS,N,BZ,0,04/20/2020 11:54:43 AM +0000,2207197,121,,"(37.74576106060287, -122.45241778324952)",49,7,8,38
8461,Geary Blvd&36TH Ave NE-NS/BZ,GEAR36A0,GEAR36AV,4280,37.779671,-122.496402,0,36TH AVE,GEARY BLVD,NS,NE,BZ,0,04/20/2020 11:54:43 AM +0000,2203854,121,,"(37.779666061027534, -122.49638877276423)",8,8,4,29
9190,16th St&San Bruno Ave SE-FS/BZ,16STSBR0,16STSBRO,3297,37.765861,-122.405515,0,SAN BRUNO AVE,16TH ST,FS,SE,BZ,0,04/20/2020 11:54:43 AM +0000,2210373,121,,"(37.765856055525425, -122.40550178793198)",54,3,9,20
10918,Steuart St&Mission St NE-MB/BZ,STEUTER0,STEUTERM,6497,37.793713,-122.393713,0,MISSION ST,STEUART ST,,**,DS,0,04/20/2020 11:54:43 AM +0000,2210071,121,,"(37.793708052368615, -122.39369978646764)",108,6,3,8
9663,Newhall St&Oakdale Ave N-NS/SB,NEWHOAK1,NEWHOAKD,5491,37.735796,-122.392175,0,OAKDALE AVE,NEWHALL ST,NS,N,,0,04/20/2020 11:54:43 AM +0000,2205438,121,,"(37.73579105703255, -122.39216179340411)",86,2,9,1
9108,Castro St&Duboce Ave NW-NS/BZ,CTRODUB0,CTRODUBO,4330,37.76918,-122.43596,0,DUBOCE AVE,CASTRO ST,NS,NW,BZ,1,04/20/2020 11:54:43 AM +0000,2206536,121,,"(37.76917505747453, -122.43594678299841)",112,7,5,3
8181,18th St&Texas St SE-FS/BZ,18STTEX0,18STTEXS,3347,37.762621,-122.39516,0,TEXAS ST,18TH ST,FS,SE,BZ,0,04/20/2020 11:54:43 AM +0000,2203025,121,,"(37.76261605503692, -122.39514678985545)",54,2,9,26
8952,Silver Ave&Boylston St W-FS/PS,SILVBOY1,SILVBOYL,6396,37.730913,-122.410839,0,BOYLSTON ST,SILVER AVE,FS,W,,0,04/20/2020 11:54:43 AM +0000,2209188,121,,"(37.73090805879523, -122.41082579117781)",91,2,2,25
8657,The Embarcadero&Broadway NE-FS/SI,EMBRBDW1,EMBRBDWY,4503,37.799552,-122.397869,0,BROADWAY,THE EMBARCADERO,FS,NE,SI,0,04/20/2020 11:54:43 AM +0000,2204181,121,,"(37.799547052191535, -122.39785578516818)",77,6,3,8
8405,Geary Blvd&Collins St NE-NS/BZ,GEARCLN0,GEARCLNS,4290,37.782242,-122.449992,0,COLLINS ST,GEARY BLVD,NS,NE,BZ,1,04/20/2020 11:54:43 AM +0000,2204106,121,,"(37.78223705742528, -122.44997877938893)",11,8,6,31
10210,26th St&Noe St SW-NS/PS,26STNOE0,26STNOE,3521,37.748174,-122.431636,0,NOE ST,26TH ST,NS,SW,,1,04/20/2020 11:54:43 AM +0000,2208239,121,,"(37.74816905888824, -122.43162278607583)",84,3,5,22
10718,Middle Point Rd&West Point Rd SE-NS,MDPTWPT2,MDPTWPTS,5503,37.735164,-122.379323,0,WEST POINT RD,MIDDLE POINT RD,NS,SE,,0,04/20/2020 11:54:43 AM +0000,2206989,121,,"(37.73515905614843, -122.37930979539946)",76,2,9,1
10567,Cortland Ave&Bradford St N-MB/PS,CORTBRF1,CORTBRFD,4147,37.739791,-122.409746,0,BRADFORD ST,CORTLAND AVE,MB,N,,0,04/20/2020 11:54:43 AM +0000,2209053,121,,"(37.73978605798334, -122.40973279031556)",83,9,2,2
10522,Hudson Ave&Ingalls St W-NS/PS,HUDSING0,HUDSINGL,5045,37.73239,-122.379692,0,INGALLS ST,HUDSON AVE,NS,SW,FL,0,04/20/2020 11:54:43 AM +0000,2206646,121,,"(37.73238505640449, -122.3796787956646)",86,2,9,1
8561,O'Shaughnessy Blvd&Malta Dr NE-FS,OSHAMAL1,OSHAMALT,5832,37.736611,-122.443301,0,MALTA DR,O SHAUGHNESSY BLVD,FS,NE,,0,04/20/2020 11:54:43 AM +0000,2206056,121,,"(37.73660606069086, -122.44328778567073)",96,9,5,10
10367,Mission St&14th St NE-FS/BZ,MISS14S1,MISS14ST,5547,37.76862,-122.41993,0,14TH ST,MISSION ST,FS,NE,BZ,0,04/20/2020 11:54:43 AM +0000,2205588,121,,"(37.76861505635037, -122.41991678545794)",53,3,2,20
10648,Avenue H&9TH TI St SE-NS/PS,AVEH.9TH,,7557,37.825232,-122.369914,0,AVENUE H,9TH TI ST,,,,0,04/20/2020 11:54:43 AM +0000,2210567,121,,"(37.82522704803125, -122.36990078636602)",36,1,10,37
8032,Mission St&Sickles Ave W-FS/BZ,MISSSIC0,MISSSICK,5619,37.70866,-122.45332,0,SICKLES AVE,MISSION ST,FS,W,BZ,0,04/20/2020 11:54:43 AM +0000,2205499,121,,"(37.70865506372278, -122.45330678740153)",66,9,1,28
10161,Ferry Plaza S-MB/BZ,FRRYPLA1,FRRYPLAZ,4727,37.793918,-122.393438,0,GODEUS ST,MUNI METRO TNL,MB,S,,0,04/20/2020 11:54:43 AM +0000,2204093,121,,"(37.79391305233164, -122.39342478648499)",108,6,3,8
8773,17th St&De Haro St OB SW-NS/PS,17STDHR0,17STDHRO,3313,37.764771,-122.401711,0,17TH ST,DE HARO ST,NS,SW,,0,04/20/2020 11:54:43 AM +0000,2203187,121,,"(37.76476605533766, -122.40169778862695)",54,1,9,26
8403,O'Shaughnessy Blvd&Portola Dr S-FS,OSHAPOR0,OSHAPORT,5834,37.744999,-122.451308,0,PORTOLA DR,O SHAUGHNESSY BLVD,FS,S,,0,04/20/2020 11:54:43 AM +0000,2206057,121,,"(37.74499406058411, -122.45129478350584)",72,9,8,41
9395,Fillmore St&Broadway SE-NS/BZ,FILLBDW1,FILLBDWY,4604,37.794158,-122.434842,0,BROADWAY,FILLMORE ST,NS,SE,BZ,0,04/20/2020 11:54:43 AM +0000,2204371,121,,"(37.79415305533851, -122.4348287802684)",102,4,6,30
7798,Noe St&28th St NW-NS/PS,NOE 28S0,NOE 28ST,5734,37.74519,-122.43134,0,28TH ST,NOE ST,NS,NW,,0,04/20/2020 11:54:43 AM +0000,2205357,121,,"(37.74518505911241, -122.43132678646509)",84,9,5,22
8109,Steiner St&Vallejo St W-MI/PS,STEIVAL0,STEIVALL,6493,37.794887,-122.436789,0,VALLEJO ST,STEINER ST,MI,W,,0,04/20/2020 11:54:43 AM +0000,2206581,121,,"(37.79488205542098, -122.43677577989291)",102,4,6,30
7702,Jackson St&Scott St SW-NS/PS,JACKSCO1,JACKSCOT,5161,37.791772,-122.439612,0,SCOTT ST,JACKSON ST,NS,SW,,0,04/20/2020 11:54:43 AM +0000,2205184,121,,"(37.79176705588337, -122.43959877983298)",102,4,6,30
9854,Mission St&6th St W-FS/BZ,MISS 6S0,MISS 6ST,5538,37.78075,-122.4091,0,6TH ST,MISSION ST,FS,W,BZ,0,04/20/2020 11:54:43 AM +0000,2205214,121,,"(37.78074505456064, -122.40908678567071)",32,1,10,34
10900,Mission St&26th St NE-FS/BZ,MISS26S1,MISS26ST,5567,37.74951,-122.4181,0,26TH ST,MISSION ST,FS,NE,BZ,0,04/20/2020 11:54:43 AM +0000,2205612,121,,"(37.74950505779106, -122.41808678794345)",53,3,2,20
8100,Geary Blvd&6TH Ave SW-NS/BZ,GEAR 6A1,GEAR 6AV,4258,37.780902,-122.464377,0,6TH AVE,GEARY BLVD,NS,SW,BZ,0,04/20/2020 11:54:43 AM +0000,2203929,121,,"(37.78089705858647, -122.46436377739742)",5,8,4,11
7776,Divisadero St&California St SW-FS,DIVICAL0,DIVICALI,4410,37.787988,-122.4405,0,PINE ST,DIVISADERO ST,FS,SW,BZ,0,04/20/2020 11:54:43 AM +0000,2204039,121,,"(37.78798305625932, -122.44048678013951)",103,4,6,30
9243,Fillmore St&North Point St SE-NS/PS,FILLN P0,FILLN PT,4630,37.803547,-122.436791,0,NORTH POINT ST,FILLMORE ST,NS,SE,,0,04/20/2020 11:54:43 AM +0000,2204605,121,,"(37.803542054709354, -122.43677777888682)",17,4,6,13
11236,O'Shaughnessy Blvd&Malta Dr SW-FS,OSHAMAL0,OSHAMALT,5833,37.736478,-122.443782,0,MALTA DR,O SHAUGHNESSY BLVD,FS,SW,,0,04/20/2020 11:54:43 AM +0000,2206449,121,,"(37.73647306073686, -122.4437687856143)",72,9,8,41
7778,Jackson St&Divisadero St NE-NS/PS,JACKDIV0,JACKDIVI,5145,37.791724,-122.440888,0,DIVISADERO ST,JACKSON ST,NS,NE,,0,04/20/2020 11:54:43 AM +0000,2206437,121,,"(37.791719055980614, -122.44087477964793)",102,4,6,30
9054,Fillmore St&McAllister St SE-NS/BZ,FILLMCA1,FILLMCAL,4628,37.77854,-122.431687,0,MCALLISTER ST,FILLMORE ST,NS,SE,BZ,1,04/20/2020 11:54:43 AM +0000,2210181,121,,"(37.778535056392414, -122.43167378255175)",97,4,11,39
9433,Ingalls St&Harbor Rd NW-NS/PS,INGLHRB1,INGLHRBR,5107,37.73347,-122.380023,0,HARBOR RD,INGALLS ST,NS,NW,,0,04/20/2020 11:54:43 AM +0000,2204800,121,,"(37.73346505633938, -122.3800097954904)",86,2,9,1
8223,Fillmore St&Haight St SW-FS/SB,FILLHAI2,,7636,37.772069,-122.430473,,LAUSSAT ST,FILLMORE ST,,,,,04/20/2020 11:54:43 AM +0000,2210524,121,,"(37.77206405683617, -122.43045978348319)",26,4,11,9
11119,30th St&Noe St NE-NS/PS,30STNOE1,30STNOE,3542,37.74188,-122.43079,0,NOE ST,30TH ST,NS,NE,,0,04/20/2020 11:54:43 AM +0000,2203114,121,,"(37.741875059344956, -122.43077678692994)",84,9,5,22
8659,Transit Center Bay E,TBT BAYE,,7917,37.789841,-122.395321,0,MISSION ST,BEALE ST,,,,0,04/20/2020 11:54:43 AM +0000,2210543,121,,"(37.78983605280513, -122.3953077866765)",32,1,10,8
10917,Market St&Main St S-NS/SI,MRKTMAI1,MRKTMAIN,5682,37.792984,-122.396627,0,MAIN ST,MARKET ST,NS,S,SI,0,04/20/2020 11:54:43 AM +0000,2205972,121,,"(37.79297905264165, -122.39661378611645)",108,6,10,8
10432,Mission St&16th St SW-FS/BB,MISS16S0,MISS16ST,5552,37.765036,-122.419726,0,MISSION ST,16TH ST,FS,SW,BB,1,04/20/2020 11:54:43 AM +0000,2209644,121,,"(37.76503105663062, -122.41971278590358)",53,3,2,20
9245,Silver Ave&Mission St E-NS/BZ,SILVMIS1,SILVMISS,6414,37.728776,-122.431114,0,MISSION ST,SILVER AVE,FS,N,,1,04/20/2020 11:54:43 AM +0000,2207298,121,,"(37.72877106044835, -122.4311007883955)",94,9,1,7
10260,16th St&Dolores St NE-NS/PS,16STDLR1,16STDLRS,3284,37.764731,-122.426156,0,DOLORES ST,16TH ST,NS,NE,,1,04/20/2020 11:54:43 AM +0000,2202613,121,,"(37.76472605712503, -122.42614278497815)",37,3,5,20
11261,Mission St&7th St E-FS/BZ,MISS07S1,,7129,37.779354,-122.410505,0,7TH ST,MISSION ST,FS,E,BZ,0,04/20/2020 11:54:43 AM +0000,2207616,121,,"(37.77934905477822, -122.41049178562253)",32,1,10,34
10777,Gateview Ave&Northpoint Dr NE-MB,GTVWNRP0,GTVWNRPT,4936,37.82982,-122.373477,0,NORTH POINT ST,GATEVIEW AVE,MB,NE,FL,0,04/20/2020 11:54:43 AM +0000,2205044,121,,"(37.82981504791419, -122.37346378529867)",36,1,10,37
10061,Mission St&Bosworth St SW-FS/BZ,MISSBOS1,MISSBOSW,5580,37.73334,-122.42682,0,BOSWORTH ST,MISSION ST,FS,SW,BZ,0,04/20/2020 11:54:43 AM +0000,2206976,121,,"(37.733335059759355, -122.42680678850977)",93,9,5,28
10990,The Embarcadero&Howard St NE-FS/SB,EMBRHWR1,EMBRHWRD,4519,37.792686,-122.391146,0,HOWARD ST,THE EMBARCADERO,FS,NE,,0,04/20/2020 11:54:43 AM +0000,2204361,121,,"(37.79268105226561, -122.39113278697081)",108,1,10,8
8660,Main St&Market St NE-MB/BB,MAINMRK1,MAINMRKT,5336,37.79253,-122.39567,0,MARKET ST,MAIN ST,MB,NE,BZ,0,04/20/2020 11:54:43 AM +0000,2205428,121,,"(37.7925250526091, -122.39565678631224)",108,6,10,8
8812,Noe St&27th St SE-NS/PS,NOE 27S1,NOE 27ST,5733,37.74654,-122.43132,0,27TH ST,NOE ST,NS,SE,,0,04/20/2020 11:54:43 AM +0000,2205356,121,,"(37.74653505899975, -122.431306786312)",84,9,5,22
8423,Mission St&Brazil Ave S-NS/BZ,MISSBRZ1,MISSBRZL,5582,37.72454,-122.43481,0,BRAZIL AVE,MISSION ST,NS,S,BZ,1,04/20/2020 11:54:43 AM +0000,2205552,121,,"(37.72453506106668, -122.43479678833266)",90,9,1,7
10635,Mission St&8th St E-FS/BZ,MISS.8S1,MISS.8ST,5541,37.7777,-122.41273,0,8TH ST,MISSION ST,FS,E,BZ,1,04/20/2020 11:54:43 AM +0000,2205215,121,,"(37.777695055076904, -122.41271678548173)",32,1,10,34
9569,O'Farrell St&Van Ness Ave SW-NS/BZ,OFARV.N1,OFARV.N.,5818,37.784657,-122.421415,0,VAN NESS AVE,OFARRELL ST,NS,SW,BB,1,04/20/2020 11:54:43 AM +0000,2206036,121,,"(37.78465205513864, -122.421401783377)",100,4,11,39
7706,Castro St&25TH St NW-NS/BZ,CTRO25S0,CTRO25ST,4328,37.74981,-122.43404,0,25TH ST,CASTRO ST,NS,NW,BZ,0,04/20/2020 11:54:43 AM +0000,2204385,121,,"(37.74980505892884, -122.43402678552752)",84,3,5,22
7986,Mission St&Excelsior Ave E-FS/BZ,MISSEXC1,MISSEXCL,5586,37.726355,-122.43351,0,EXCELSIOR AVE,MISSION ST,FS,E,BZ,0,04/20/2020 11:54:43 AM +0000,2205333,121,,"(37.72635006082243, -122.43349678831724)",90,9,1,7
7717,Cortland Ave&Folsom St SW-NS/BZ,CORTFOL0,CORTFOLS,4154,37.73892,-122.41343,0,FOLSOM ST,CORTLAND AVE,NS,SW,BZ,1,04/20/2020 11:54:43 AM +0000,2203577,121,,"(37.738915058323634, -122.41341678986565)",83,9,2,2
10973,16th St&Harrison St SW-NS/BZ,16STHAR0,16STHARR,3289,37.765377,-122.41329,0,HARRISON ST,16TH ST,NS,SW,BZ,0,04/20/2020 11:54:43 AM +0000,2202819,121,,"(37.76537205613278, -122.41327678682589)",53,3,2,20
10006,Divisadero St&Geary Blvd SW-FS/BZ,DIVIGEA0,DIVIGEAR,4422,37.78316,-122.439526,0,GEARY BLVD,DIVISADERO ST,FS,SW,BZ,1,04/20/2020 11:54:43 AM +0000,2209454,121,,"(37.783155056585116, -122.43951278084512)",13,4,11,39
11172,16th St&Valencia St NE-NS/BZ,16STVLN1,16STVLNC,3300,37.764987,-122.421746,0,VALENCIA ST,16TH ST,NS,NE,BZ,1,04/20/2020 11:54:43 AM +0000,2207151,121,,"(37.76498205678211, -122.42173278560739)",53,3,2,20
9694,Fillmore St&Sutter St SE-NS/BZ,FILLSUT1,FILLSUTT,4640,37.786051,-122.433244,0,SUTTER ST,FILLMORE ST,NS,SE,BZ,1,04/20/2020 11:54:43 AM +0000,2204616,121,,"(37.78604605588832, -122.433230781448)",101,4,11,15
7803,Silver Ave&Congdon St NE-NS/PS,SILVCON1,SILVCONG,6401,37.728713,-122.425868,0,CONGDON ST,SILVER AVE,NS,NE,,0,04/20/2020 11:54:43 AM +0000,2209285,121,,"(37.728708060071455, -122.42585478918633)",94,9,1,7
8139,42nd Ave&Clement St SE-NS/PS,42AVCLM0,42AVCLMT,3566,37.781087,-122.502994,0,CLEMENT ST,42ND AVE,NS,SE,,0,04/20/2020 11:54:43 AM +0000,2203369,121,,"(37.78108206139319, -122.50298077161754)",8,8,4,29
9275,Palou Ave&3rd St E-NS/BZ,PALU_3S1,PALU_3ST,5863,37.734019,-122.390825,0,3RD ST,PALOU AVE,NS,NE,BZ,0,04/20/2020 11:54:43 AM +0000,2205747,121,,"(37.734014057080884, -122.39081179381122)",86,2,9,1
8701,Broadway&Steiner St NE-NS/PS,BDWYSTE1,BDWYSTEI,3085,37.794131,-122.436442,0,STEINER ST,BROADWAY,NS,NE,,0,04/20/2020 11:54:43 AM +0000,2210059,121,,"(37.794126055457724, -122.43642878003256)",102,4,6,30
11160,Divisadero St&Bush St NE-FS/BZ,DIVIBUS1,DIVIBUSH,4408,37.786283,-122.439996,0,BUSH ST,DIVISADERO ST,FS,NE,BZ,0,04/20/2020 11:54:43 AM +0000,2204037,121,,"(37.7862780563627, -122.43998278041265)",103,4,6,30
10759,Beach St&Mason St SW-NS/PS,BECHMAS0,BECHMASN,3092,37.807407,-122.414125,0,MASON ST,BEACH ST,NS,SW,,1,04/20/2020 11:54:43 AM +0000,2202682,121,,"(37.807402052733984, -122.41411178182506)",99,6,3,23
10870,Mission St&Lowell St W-FS/BZ,MISSLOW0,MISSLOWL,5602,37.711432,-122.446486,0,LOWELL ST,MISSION ST,FS,W,BZ,0,04/20/2020 11:54:43 AM +0000,2207226,121,,"(37.71142706299701, -122.44647278810181)",66,9,1,28
11028,Mission St&Foote Ave N-NS/BZ,MISSFOO0,MISSFOOT,5589,37.71285,-122.44462,0,FOOTE AVE,MISSION ST,NS,N,BZ,0,04/20/2020 11:54:43 AM +0000,2205496,121,,"(37.71284506274436, -122.44460678821683)",66,9,1,28
10232,Geary Blvd&40TH Ave NE-NS/BZ,GEAR40A0,GEAR39AV,4282,37.779473,-122.500677,0,40TH AVE,GEARY BLVD,FS,NW,BZ,0,04/20/2020 11:54:43 AM +0000,2203860,121,,"(37.77946806135617, -122.50066377215006)",8,8,4,29
9528,Newhall St&Faifax Ave W-NS/PS,NEWHF X0,,7428,37.741406,-122.387153,0,FAIRFAX AVE,NEWHALL ST,,,,0,04/20/2020 11:54:43 AM +0000,2210455,121,,"(37.74140105620346, -122.387139793507)",86,2,9,1
10429,Mission St&Richland Ave SW-FS/BZ,MISSRIC0,MISSRICH,5614,37.73562,-122.4247,0,RICHLAND AVE,MISSION ST,FS,SW,BZ,1,04/20/2020 11:54:43 AM +0000,2206456,121,,"(37.735615059416965, -122.42468678856301)",93,9,5,2
9645,Industrial St&Elmira St SE-FS/SB,INDSELM0,INDSELMR,5094,37.73879,-122.40373,0,ELMIRA ST,INDUSTRIAL ST,FS,SE,,0,04/20/2020 11:54:43 AM +0000,2205374,121,,"(37.73878505762745, -122.40371679133051)",82,2,9,1
9062,Mission St&Cortland Ave E-FS/BZ,MISSCOR1,MISSCORT,5583,37.741052,-122.422759,0,CORTLAND AVE,MISSION ST,FS,E,BZ,0,04/20/2020 11:54:43 AM +0000,2205555,121,,"(37.741047058827824, -122.4227457882253)",83,9,2,2
8206,Divisadero St&Clay St NE-FS/BZ,DIVICLA1,DIVICLAY,4412,37.789977,-122.440741,0,CLAY ST,DIVISADERO ST,FS,NE,BZ,0,04/20/2020 11:54:43 AM +0000,2204043,121,,"(37.78997205611346, -122.44072777987272)",102,4,6,30
7804,16th St&Guerrero St SW-NS/BZ,16STGUE0,16STGUER,3287,37.76472,-122.424256,0,GUERRERO ST,16TH ST,NS,SW,BZ,0,04/20/2020 11:54:43 AM +0000,2202815,121,,"(37.764715056987285, -122.42424278526333)",37,3,5,20
10258,Castro St&22ND St SE-NS/PS,CTRO22S1,CTRO22ST,4323,37.75441,-122.43431,0,22ND ST,CASTRO ST,NS,SE,,1,04/20/2020 11:54:43 AM +0000,2204546,121,,"(37.754405058569766, -122.43429678495502)",84,3,5,22
7923,Cortland Ave&Hilton St NW-FS/BZ,CORTHIL1,CORTHILT,4155,37.739692,-122.40781,0,HILTON ST,CORTLAND AVE,FS,NW,BZ,0,04/20/2020 11:54:43 AM +0000,2209032,121,,"(37.73968705785037, -122.40779679061636)",82,2,2,2
8110,Fillmore St&Lombard St SE-NS/BZ,FILLLOM1,FILLLOMB,4626,37.799707,-122.435952,0,LOMBARD ST,FILLMORE ST,NS,SE,BZ,0,04/20/2020 11:54:43 AM +0000,2207294,121,,"(37.79970205496359, -122.43593877945821)",15,4,6,13
9859,Mission St&5th St S-NS/BZ,MISS.5S1,MISS.5ST,5535,37.782716,-122.406525,0,05TH ST,MISSION ST,NS,S,BZ,0,04/20/2020 11:54:43 AM +0000,2206954,121,,"(37.7827110542106, -122.40651178582765)",32,1,10,34
7935,Avenue H&5TH TI St E-MB/SB,AVEH.5TH,,7556,37.822375,-122.367968,0,5TH TI ST,AVENUE H,,,,0,04/20/2020 11:54:43 AM +0000,2210566,121,,"(37.822370048124164, -122.36795478698981)",36,1,10,37
7846,Silver Ave&Alemany Blvd E-NS/PS,SILVALE1,SILVALEM,6393,37.729794,-122.433256,0,ALEMANY BLVD,SILVER AVE,NS,E,FL,0,04/20/2020 11:54:43 AM +0000,2208271,121,,"(37.72978906052054, -122.43324278795804)",94,9,1,28
9734,Geary Blvd&Commonwealth St NW-FS/BZ,GEARCWT0,GEARCWTH,4292,37.781528,-122.455677,0,COMMONWEALTH AVE,GEARY BLVD,FS,NW,BZ,0,04/20/2020 11:54:43 AM +0000,2204108,121,,"(37.78152305789932, -122.4556637786231)",11,8,6,31
8533,Connecticut St&18TH St NW-NS/PS,CONN18S0,CONN18ST,4125,37.762614,-122.397569,0,18TH ST,CONNECTICUT ST,NS,NW,,0,04/20/2020 11:54:43 AM +0000,2203709,121,,"(37.762609055213254, -122.39755578949602)",54,2,9,26
8433,30th St&Dolores St NE-NS/PS,30STDLR1,30STDLRS,3537,37.742304,-122.424026,0,DOLORES ST,30TH ST,NS,NE,BZ,0,04/20/2020 11:54:43 AM +0000,2203456,121,,"(37.74229905881697, -122.42401278789134)",84,9,5,22
8921,Castro St&17TH St SE-NS/BZ,CTRO17S1,CTRO17ST,4313,37.76237,-122.43508,0,17TH ST,CASTRO ST,NS,SE,BZ,1,04/20/2020 11:54:43 AM +0000,2203735,121,,"(37.76236505797066, -122.43506678391864)",38,3,5,5
8835,Geary Blvd&30TH Ave SW-NS/BZ,GEAR30A1,GEAR30AV,4274,37.779727,-122.49019,0,30TH AVE,GEARY BLVD,NS,SW,BZ,1,04/20/2020 11:54:43 AM +0000,2209055,121,,"(37.779722060569, -122.49017677368374)",8,8,4,29
10060,Noe St&28th St SE-NS/PS,NOE 28S1,NOE 28ST,5735,37.74493,-122.43117,0,28TH ST,NOE ST,NS,SE,,0,04/20/2020 11:54:43 AM +0000,2205358,121,,"(37.74492505912146, -122.4311567865206)",84,9,5,22
9621,Mission St&Mt Vernon Ave N-NS/BZ,MISSMTV0,MISSMTVN,5604,37.7147,-122.44265,0,MOUNT VERNON AVE,MISSION ST,NS,N,BZ,0,04/20/2020 11:54:43 AM +0000,2206118,121,,"(37.71469506244849, -122.44263678829753)",80,9,1,28
11249,Geary Blvd&Laguna St SW-NS/BZ,GEARLGN1,GEARLGNA,4305,37.784854,-122.428155,0,LAGUNA ST,GEARY BLVD,NS,SW,BZ,1,04/20/2020 11:54:43 AM +0000,2203812,121,,"(37.78484905561493, -122.42814178234708)",101,4,11,39
7797,Fillmore St&Broadway SW-FS/BZ,FILLBDW0,FILLBDWY,4605,37.793805,-122.434878,0,BROADWAY,FILLMORE ST,FS,SW,BZ,0,04/20/2020 11:54:43 AM +0000,2207454,121,,"(37.79380005537021, -122.43486478030401)",102,4,6,30
11226,Mission St&San Jose Ave OB S-FS/BZ,MISSS.J0,MISSS.J.,7099,37.705997,-122.461372,0,SAN JOSE AVE,MISSION ST,FS,S,BZ,0,04/20/2020 11:54:43 AM +0000,2209478,121,,"(37.705992064528104, -122.46135878650715)",,,,
11193,Mission St&9th St W-FS/BZ,MISS 9S0,MISS 9ST,5543,37.77594,-122.41518,0,9TH ST,MISSION ST,FS,W,BZ,1,04/20/2020 11:54:43 AM +0000,2205219,121,,"(37.77593505540077, -122.41516678531954)",32,1,10,34
8350,Fillmore St&Beach St NW-NS/BZ,FILLBECN,FILLBECH,4606,37.804423,-122.437127,0,BEACH ST,FILLMORE ST,NS,NW,BZ,0,04/20/2020 11:54:43 AM +0000,2206534,121,,"(37.80441805466192, -122.4371137787348)",17,4,6,13
9523,Mission St&5th St W-FS/BZ,MISS.5S0,MISS.5ST,5536,37.782725,-122.40664,0,5TH ST,MISSION ST,FS,W,BZ,0,04/20/2020 11:54:43 AM +0000,2205208,121,,"(37.7827200542183, -122.40662678580941)",32,1,10,34
10482,Castro St&14TH St NW-NS/BZ,CTRO14S0,CTRO14ST,4308,37.76742,-122.43571,0,14TH ST,CASTRO ST,NS,NW,BZ,0,04/20/2020 11:54:43 AM +0000,2203814,121,,"(37.76741505760111, -122.43569678323958)",112,7,5,5
9951,Cortland Ave&Elsie St N-FS/BZ,CORTELS1,CORTELSE,4149,37.73992,-122.41997,0,ELSIE ST,CORTLAND AVE,FS,N,BZ,0,04/20/2020 11:54:43 AM +0000,2203575,121,,"(37.739915058717806, -122.4199567887728)",83,9,2,2
8378,18th St&Connecticut St NE-NS/BZ,18STCON1,18STCONN,3324,37.76258,-122.397352,0,CONNECTICUT ST,18TH ST,NS,NE,BZ,1,04/20/2020 11:54:43 AM +0000,2203111,121,,"(37.76257505520024, -122.39733878953245)",54,2,9,26
10216,Mission St&South Van Ness Ave E-FS,MISSSOVN,,7299,37.772994,-122.418485,0,SOUTH VAN NESS AVE,MISSION ST,,,,0,04/20/2020 11:54:43 AM +0000,2209296,121,,"(37.77298905588469, -122.41847178516704)",32,1,10,20
9651,The Embarcadero&Ferry Term E-MB/SI,EMBRFRR1,EMBRFRRY,4513,37.79489,-122.393552,0,,THE EMBARCADERO,NS,SE,,0,04/20/2020 11:54:43 AM +0000,2204342,121,,"(37.79488505225989, -122.3935387863551)",108,6,3,8
8948,Cortland Ave&Andover St SW-NS/BZ,CORTAND0,CORTANDV,4143,37.73904,-122.41658,0,ANDOVER ST,CORTLAND AVE,NS,SW,BZ,1,04/20/2020 11:54:43 AM +0000,2203570,121,,"(37.739035058543294, -122.41656678938105)",61,9,2,2
10391,Palou Ave&3rd St S-FS/BZ,PALU3.S0,PALU3.ST,5864,37.73385,-122.390859,0,LANE ST,PALOU AVE,FS,S,BZ,0,04/20/2020 11:54:43 AM +0000,2210297,121,,"(37.73384505709736, -122.39084579382563)",86,2,9,1
8900,Geary Blvd&42ND Ave SE-FS/BZ,GEAR42A1,GEAR42AV,4285,37.779151,-122.502775,0,42ND AVE,GEARY BLVD,FS,SE,BZ,1,04/20/2020 11:54:43 AM +0000,2204189,121,,"(37.7791460615359, -122.50276177187479)",8,8,4,29
10029,Market St&Sansome St W-FS/BZ,MRKTSAN0,MRKTSANS,5689,37.790013,-122.400491,0,02ND ST,MARKET ST,FS,W,BZ,1,04/20/2020 11:54:43 AM +0000,2206017,121,,"(37.790008053168734, -122.40047778588335)",108,6,10,8
8353,Silver Ave&Alemany Blvd S-FS/SB,SILVALE0,SILVALEM,6394,37.729589,-122.433175,0,ALEMANY BLVD,SILVER AVE,FS,S,FL,0,04/20/2020 11:54:43 AM +0000,2209987,121,,"(37.72958406053147, -122.43316178799384)",94,9,1,28
8693,Church St&Duboce Ave SE-NS/SI,CHURDUB1,CHURDUBO,4006,37.769302,-122.429087,0,DUBOCE AVE,CHURCH ST,NS,SE,SI,1,04/20/2020 11:54:43 AM +0000,2203703,121,,"(37.7692970569627, -122.42907378401081)",28,7,5,5
10484,Broadway&Steiner St SE-FS/PS,BDWYSTE0,BDWYSTEI,3086,37.794056,-122.436278,0,STEINER ST,BROADWAY,FS,SE,,0,04/20/2020 11:54:43 AM +0000,2202499,121,,"(37.79405105545192, -122.43626478006577)",102,4,6,30
10741,Fillmore St&Sacramento St SE-NS/BZ,FILLSAC1,FILLSACO,4638,37.789744,-122.433947,0,SACRAMENTO ST,FILLMORE ST,NS,SE,BZ,0,04/20/2020 11:54:43 AM +0000,2204612,121,,"(37.789739055636, -122.43393378091444)",102,4,6,30
8570,Fillmore St&Grove St NW-NS/BZ,FILLGRO0,FILLGROV,4617,37.776859,-122.431472,0,GROVE ST,FILLMORE ST,NS,NW,BZ,0,04/20/2020 11:54:43 AM +0000,2204501,121,,"(37.776854056514985, -122.4314587827787)",23,4,11,9
9623,Bosworth St&Elk St NW-FS/SB,BOSWELK1,BOSWELK,3697,37.735005,-122.440093,0,ELK ST,BOSWORTH ST,FS,NW,,1,04/20/2020 11:54:43 AM +0000,2203315,121,,"(37.73500006058935, -122.44007978633525)",96,9,5,10
7704,Geary Blvd&Scott St SE-FS/BZ,GEARSCO1,GEARSCOT,4761,37.783624,-122.437669,0,SCOTT ST,GEARY BLVD,FS,SE,BZ,1,04/20/2020 11:54:43 AM +0000,2204415,121,,"(37.78361905641123, -122.43765578106867)",97,4,11,39
10923,Evans Ave&Mendell St N-FS/BZ,EVANMEND,EVANMEND,7077,37.740905,-122.384564,0,MENDELL ST,EVANS AVE,FS,NE,BZ,0,04/20/2020 11:54:43 AM +0000,2208518,121,,"(37.740900056056155, -122.38455079395214)",76,2,9,1
11036,Fillmore St&Jackson St SW-FS/BZ,FILLJAC0,FILLJACK,4624,37.792386,-122.434607,0,JACKSON ST,FILLMORE ST,FS,SW,BZ,0,04/20/2020 11:54:43 AM +0000,2204598,121,,"(37.79238105546706, -122.43459378050925)",102,4,6,30
11034,Fillmore St&Beach St SE-NS/BZ,FILLBEC0,FILLBECH,4607,37.804447,-122.436958,0,BEACH ST,FILLMORE ST,NS,SE,BZ,0,04/20/2020 11:54:43 AM +0000,2204372,121,,"(37.8044420546476, -122.43694477875728)",17,4,6,13
9230,Laguna Honda Blvd&Dewey Blvd E-NS,LGHNDEW0,LGHNDEWY,5244,37.747229,-122.459076,0,DEWEY BLVD,LAGUNA HONDA BLVD,NS,E,FL,0,04/20/2020 11:54:43 AM +0000,2205666,121,,"(37.747224060967106, -122.45906278208865)",49,7,8,41
8665,Ingalls St&Harbor Rd SE-NS/PS,INGLHRB0,INGLHRBR,5108,37.7333,-122.37984,0,HARBOR RD,INGALLS ST,NS,SE,,0,04/20/2020 11:54:43 AM +0000,2204801,121,,"(37.73329505634007, -122.37982679553741)",78,2,9,1
10945,Woodside Ave&Ulloa St NE-NS/PS,WDSDULO1,WDSDULOA,6939,37.745766,-122.453829,0,ULLOA ST,WOODSIDE AVE,NS,NE,FL,0,04/20/2020 11:54:43 AM +0000,2210267,121,,"(37.74576106070482, -122.45381578304087)",49,7,8,38
9783,Jefferson St&Taylor St NE-NS/PS,JEFFTAY1,JEFFTAYL,5175,37.80832,-122.415514,0,TAYLOR ST,JEFFERSON ST,NS,NE,,0,04/20/2020 11:54:43 AM +0000,2205267,121,,"(37.80831505276046, -122.41550078151128)",99,6,3,23
9455,Geary Blvd&Masonic Ave N-MB/BZ,GEARMAS2,GEARPRES,4758,37.782536,-122.44669,0,MASONIC AVE,GEARY BLVD,MB,N,BZ,1,04/20/2020 11:54:43 AM +0000,2204412,121,,"(37.78253105715984, -122.44667677984776)",11,8,6,31
9884,Mission St&Lowell St E-FS/BZ,MISSLOW1,MISSLOWL,5601,37.711468,-122.446291,0,NAGLEE AVE,MISSION ST,FS,E,BZ,1,04/20/2020 11:54:43 AM +0000,2206111,121,,"(37.71146306297989, -122.44627778812678)",58,9,1,7
8597,Avenue H&California Ave TI NE-FS/SB,AVEHCALT,,7555,37.820001,-122.36633,0,3RD TI ST,AVENUE H,,,,0,04/20/2020 11:54:43 AM +0000,2210565,121,,"(37.819996048199876, -122.36631678751118)",36,1,10,37
8076,Silver Ave&Dartmouth St E-FS/PS,SILVDAR0,SILVDART,6404,37.729932,-122.412981,0,DARTMOUTH ST,SILVER AVE,FS,E,,0,04/20/2020 11:54:43 AM +0000,2206523,121,,"(37.72992705903221, -122.412967790971)",91,2,2,25
8929,Mission St&Highland Ave NE-FS/BZ,MISSHIG1,MISSHIGH,5596,37.737448,-122.423963,0,HIGHLAND AVE,MISSION ST,FS,NE,BZ,0,04/20/2020 11:54:43 AM +0000,2205578,121,,"(37.73744305921258, -122.42394978846195)",61,9,2,2
9467,16th St&Dolores St SW-NS/PS,16STDLR0,16STDLRS,3285,37.764575,-122.426579,0,DOLORES ST,16TH ST,NS,SW,,1,04/20/2020 11:54:43 AM +0000,2202813,121,,"(37.76457005716874, -122.42656578493306)",37,3,5,5
9590,Palou Ave&Rankin St E-NS/SB,PALURAN1,PALURANK,5883,37.73821,-122.39824,0,RANKIN ST,PALOU AVE,NS,E,,0,04/20/2020 11:54:43 AM +0000,2207035,121,,"(37.73820505727522, -122.39822679221827)",87,2,9,1
10678,Haight St&Pierce St NE-NS/BZ,HAITPIE0,HAITPIER,4960,37.771721,-122.434038,0,PIERCE ST,HAIGHT ST,NS,NE,BZ,0,04/20/2020 11:54:43 AM +0000,2204947,121,,"(37.77171605712513, -122.43402478299099)",26,4,11,3
10617,Castro St&24TH St SW-FS/BZ,CTRO24S0,CTRO24ST,4327,37.751315,-122.43411,0,24TH ST,CASTRO ST,FS,SW,BZ,0,04/20/2020 11:54:43 AM +0000,2204384,121,,"(37.75131005880998, -122.43409678534297)",84,3,5,22
8352,Fillmore St&Chestnut St NW-NS/BZ,FILLCHE0,FILLCHES,4609,37.800891,-122.436469,0,CHESTNUT ST,FILLMORE ST,NS,NW,BZ,1,04/20/2020 11:54:43 AM +0000,2204495,121,,"(37.800886054904055, -122.43645577924347)",17,4,6,13
7789,120 Portola Dr NW-MB/SB,PORTH120,PORTH120,6009,37.74897,-122.44396,0,,PORTOLA DR,MB,NW,,0,04/20/2020 11:54:43 AM +0000,2207755,121,,"(37.748965059721414, -122.44394678414346)",51,3,5,38
9273,Transit Center Bay D,TBT BAYD,,7916,37.789975,-122.395206,0,BEALE ST,HOWARD ST,,,,0,04/20/2020 11:54:43 AM +0000,2210541,121,,"(37.78997005278569, -122.39519278667811)",32,1,10,8
9829,Geary Blvd & Fillmore St SE-MB/BZ,GEARFLM1,,7954,37.784382,-122.432052,,FILLMORE ST,GEARY BLVD,,,,,04/20/2020 11:54:43 AM +0000,2210647,121,,"(37.78437705593849, -122.43203878181966)",101,4,11,39
10100,Newcomb Ave&Keith St N-NS/SB,NEWCKET1,NEWCKETH,5486,37.733152,-122.38598,0,KEITH ST,NEWCOMB AVE,NS,N,,0,04/20/2020 11:54:43 AM +0000,2205436,121,,"(37.73314705679958, -122.38596679463603)",86,2,9,1
9263,16th St&Bryant St N-MB/BZ,16STBRY1,16STBRYT,3281,37.765658,-122.410294,0,BRYANT ST,16TH ST,NS,NE,BZ,1,04/20/2020 11:54:43 AM +0000,2202991,121,,"(37.76565305589096, -122.41028078724116)",53,3,9,20
11071,33rd Ave&Geary Blvd SW-FS/BZ,33AVGEAR,33AVGEAR,3560,37.779566,-122.493376,0,GEARY BLVD,33RD AVE,FS,SW,BZ,1,04/20/2020 11:54:43 AM +0000,2203135,121,,"(37.77956106081501, -122.4933627732275)",8,8,4,29
8599,California Ave&Avenue D SE-FS/SB,CALTAVD1,CALTAVEC,3904,37.81887,-122.369038,0,AVENUE D,CALIFORNIA AVE,MB,N,FL,0,04/20/2020 11:54:43 AM +0000,2203530,121,,"(37.81886504849128, -122.36902478723724)",36,1,10,37
8347,Geary Blvd&Baker St NW-FS/BZ,GEARBAK0,GEARBAKR,4289,37.782973,-122.442965,0,BAKER ST,GEARY BLVD,FS,NW,BZ,1,04/20/2020 11:54:43 AM +0000,2210288,121,,"(37.782968056851786, -122.4429517803533)",103,8,6,31
8382,Palou Ave&Keith St W-FS/SB,PALUKETI,PALUKETH,5873,37.732055,-122.387367,0,KEITH ST,PALOU AVE,FS,N,,0,04/20/2020 11:54:43 AM +0000,2207884,121,,"(37.732050056991206, -122.38735379455521)",86,2,9,1
8502,Mission St&Murray St NE-FS/BZ,MISSMUR1,MISSMURR,5605,37.73404,-122.42592,0,MURRAY ST,MISSION ST,FS,E,BZ,0,04/20/2020 11:54:43 AM +0000,2206121,121,,"(37.73403505963609, -122.42590678856335)",93,9,2,2
10894,Market St&Sanchez St N-NS/SI,MRKTSNC0,MRKTSNCZ,5690,37.766185,-122.430707,0,SANCHEZ ST,MARKET ST,NS,N,SI,0,04/20/2020 11:54:43 AM +0000,2208379,121,,"(37.766180057337536, -122.43069378412991)",28,3,5,5
8167,16th St&Shotwell St SE-FS/BZ,16STSHO0,16STSHOT,3299,37.765218,-122.416048,0,SHOTWELL ST,16TH ST,FS,SE,BZ,0,04/20/2020 11:54:43 AM +0000,2202837,121,,"(37.765213056347186, -122.41603478643208)",53,3,2,20
9468,Cortland Ave&Elsie St W-NS/BZ,CORTELS0,CORTELSE,4150,37.7397,-122.41969,0,ELSIE ST,CORTLAND AVE,NS,W,BZ,0,04/20/2020 11:54:43 AM +0000,2208564,121,,"(37.73969505871558, -122.41967678884009)",61,9,2,2
9765,Divisadero St&Oak St SW-FS/BZ,DIVIOAK0,DIVIOAK,4432,37.773051,-122.437487,0,OAK ST,DIVISADERO ST,FS,SW,BZ,0,04/20/2020 11:54:43 AM +0000,2206182,121,,"(37.773046057267564, -122.43747378232172)",112,4,11,3
10215,Mission St&18th St NE-FS/BZ,MISS18S1,MISS18ST,5553,37.762635,-122.419348,0,18TH ST,MISSION ST,FS,NE,BZ,1,04/20/2020 11:54:43 AM +0000,2205596,121,,"(37.762630056800774, -122.41933478623808)",53,3,2,20
8838,Geary Blvd&9TH Ave NW-FS/BZ,GEAR 9A0,GEAR 9AV,4259,37.780982,-122.467644,0,10TH AVE,GEARY BLVD,FS,NW,BZ,1,04/20/2020 11:54:43 AM +0000,2204010,121,,"(37.78097705881858, -122.46763077690069)",5,8,4,11
9077,The Embarcadero&Washington St NE,EMBRWAS1,EMBRWASH,4532,37.797085,-122.39567,0,WASHINGTON ST,THE EMBARCADERO,FS,NE,SI,0,04/20/2020 11:54:43 AM +0000,2204512,121,,"(37.79708005223391, -122.39565678578349)",77,6,3,8
10157,16th St&Vermont St NW-FS/BZ,16STVRM1,16STVRMT,3302,37.766039,-122.40469,0,VERMONT ST,16TH ST,FS,NW,BZ,0,04/20/2020 11:54:43 AM +0000,2202841,121,,"(37.76603405545056, -122.40467678803475)",33,1,9,20
8464,Geary Blvd&28TH Ave SW-NS/BZ,GEAR28A1,GEAR28AV,4272,37.779862,-122.488046,0,28TH AVE,GEARY BLVD,NS,SW,BZ,1,04/20/2020 11:54:43 AM +0000,2203847,121,,"(37.77985706040127, -122.48803277398774)",8,8,4,29
9530,Evans Ave&Middle Point Rd W-NS/SB,EVANMDP0,EVANMDPT,4552,37.737672,-122.379252,0,MIDDLE POINT RD,EVANS AVE,NS,W,,0,04/20/2020 11:54:43 AM +0000,2204408,121,,"(37.73766705593606, -122.37923879512039)",86,2,9,1
9358,Palou Ave&Rankin St W-NS/PS,PALURAN0,PALURANK,5884,37.73825,-122.39853,0,RANKIN ST,PALOU AVE,NS,W,,0,04/20/2020 11:54:43 AM +0000,2207037,121,,"(37.73824505729306, -122.39851679217027)",87,2,9,1
9212,Tennessee St&18th St SE-NS/PS,TENN18S1,TENN18ST,6657,37.7629,-122.389664,0,18TH ST,TENNESSEE ST,NS,SE,,1,04/20/2020 11:54:43 AM +0000,2207633,121,,"(37.76289505461286, -122.38965079064516)",55,2,9,26
8385,Gateview Ave&Mason Ct SW-FS/SB,GTVWMAC0,GTVWMACT,4935,37.828181,-122.377217,0,MASON CT,GATEVIEW AVE,FS,NW,FL,0,04/20/2020 11:54:43 AM +0000,2205043,121,,"(37.828176048323016, -122.3772037849296)",36,1,10,37
10008,Divisadero St&McAllister St SW-FS,DIVIMCA0,DIVIMCAL,4429,37.777682,-122.438415,0,MCALLISTER ST,DIVISADERO ST,FS,SW,BZ,0,04/20/2020 11:54:43 AM +0000,2204054,121,,"(37.777677056954445, -122.43840178164638)",97,4,11,39
9598,Avenue H&13TH TI St. SE-NS/SB,AVEH13TH,,7558,37.828311,-122.371964,0,AVENUE H,13TH TI ST,,,,0,04/20/2020 11:54:43 AM +0000,2210568,121,,"(37.82830604792767, -122.37195078570082)",36,1,10,37
10513,Keith St&Oakdale Ave S-NS/PS,KETHOAK0,KETHOAKD,5233,37.732367,-122.386611,0,OAKDALE AVE,KEITH ST,NS,S,,0,04/20/2020 11:54:43 AM +0000,2205142,121,,"(37.73236205691036, -122.3865977946323)",86,2,9,1
7777,Divisadero St&Clay St NW-NS/BZ,DIVICLA0,DIVICLAY,4413,37.78997,-122.44089,0,CLAY ST,DIVISADERO ST,NS,NW,BZ,0,04/20/2020 11:54:43 AM +0000,2204044,121,,"(37.78996505612492, -122.4408767798513)",102,4,6,30
11045,30th St&Dolores St SW-NS/PS,30STDLR0,30STDLRS,3538,37.74217,-122.424457,0,DOLORES ST,30TH ST,NS,SW,BZ,0,04/20/2020 11:54:43 AM +0000,2203464,121,,"(37.74216505885942, -122.4244437878424)",59,9,5,10
8313,Fremont St&Mission St E-NS/PS,FRMTMISS,,7949,37.790413,-122.396513,,MISSION ST,FREMONT ST,,,,,04/20/2020 11:54:43 AM +0000,2210684,121,,"(37.79040805284508, -122.39649978643189)",32,1,10,8
9565,Fillmore St&Hayes St NE-FS/BZ,FILLHAY1,FILLHAYS,4621,37.776106,-122.431197,0,HAYES ST,FILLMORE ST,FS,NE,BZ,1,04/20/2020 11:54:43 AM +0000,2204596,121,,"(37.77610105655689, -122.43118378290708)",22,4,11,9
9568,30th St&Mission St SW-NS/BZ,30STMIS0,30STMISS,3541,37.74231,-122.42217,0,MISSION ST,30TH ST,NS,SW,BZ,1,04/20/2020 11:54:43 AM +0000,2203113,121,,"(37.742305058681175, -122.42215678816788)",83,9,2,2
9071,The Embarcadero&Sansome St SW-FS,EMBRSAN0,EMBRSANS,4529,37.805022,-122.403314,0,SANSOME ST,THE EMBARCADERO,FS,SW,SI,0,04/20/2020 11:54:43 AM +0000,2204503,121,,"(37.80501705213942, -122.4033007837185)",77,6,3,8
9581,Silver Ave&Merrill St N-NS/BZ,SILVMER1,SILVMERL,6411,37.7315,-122.40885,0,MERRILL ST,SILVER AVE,NS,N,BZ,0,04/20/2020 11:54:43 AM +0000,2206808,121,,"(37.73149505860191, -122.40883679140727)",91,2,2,25
10983,Geary St&Stockton St NE-NS/BB,GEARSTO0,GEARSTOK,4766,37.787633,-122.406568,0,STOCKTON ST,GEARY ST,NS,NE,BB,0,04/20/2020 11:54:43 AM +0000,2204420,121,,"(37.78762805380887, -122.40655478525085)",19,6,3,8
10964,Mission St&Appleton Ave N-NS/BZ,MISSAPT0,MISSAPTN,5578,37.73899,-122.42404,0,APPLETON AVE,MISSION ST,NS,N,BZ,0,04/20/2020 11:54:43 AM +0000,2205546,121,,"(37.73898505909112, -122.42402678827222)",61,9,5,2
10717,Middle Point Rd&Innes Ave NW-NS/PS,MDPTINE0,MDPTINES,5500,37.734174,-122.379541,0,INNES AVE,MIDDLE POINT RD,NS,NW,,0,04/20/2020 11:54:43 AM +0000,2210197,121,,"(37.73416905624609, -122.37952779548121)",86,2,9,1
9553,Mission St&Silver Ave S-NS/BZ,MISSSIL1,MISSSILV,5620,37.728723,-122.43132,0,SILVER AVE,MISSION ST,NS,S,BZ,1,04/20/2020 11:54:43 AM +0000,2205503,121,,"(37.72871806046774, -122.4313067883709)",94,9,1,28
9712,Mission St&3rd St W-FS/BZ,MISS 3S0,MISS 3ST,5532,37.78597,-122.40249,0,3RD ST,MISSION ST,FS,W,BZ,1,04/20/2020 11:54:43 AM +0000,2205202,121,,"(37.78596505364784, -122.40247678605351)",32,1,10,8
10200,Geary Blvd&6TH Ave NE-NS/BZ,GEAR 6A0,GEAR 6AV,4257,37.781134,-122.464159,0,6TH AVE,GEARY BLVD,NS,NE,BZ,1,04/20/2020 11:54:43 AM +0000,2206428,121,,"(37.78112905855146, -122.46414577740303)",5,8,4,11
7927,Mission St&2nd St W-FS/BZ,MISS 2S0,MISS 2ST,5529,37.78775,-122.40024,0,2ND ST,MISSION ST,FS,W,BZ,0,04/20/2020 11:54:43 AM +0000,2205193,121,,"(37.78774505333682, -122.40022678618347)",108,1,10,8
10681,Cortland Ave&Prospect Ave N-FS/BZ,CORTPRO1,CORTPROS,4160,37.740294,-122.420904,0,PROSPECT AVE,CORTLAND AVE,FS,N,BZ,0,04/20/2020 11:54:43 AM +0000,2206419,121,,"(37.740289058755074, -122.42089078859006)",83,9,2,2
10502,Silver Ave&Augusta St N-NS/PS,SILVAUG1,SILVAUGU,6395,37.734586,-122.402188,0,AUGUSTA ST,SILVER AVE,NS,N,,0,04/20/2020 11:54:43 AM +0000,2209187,121,,"(37.734581057861924, -122.40217479204671)",87,2,9,1
8574,Cortland Ave&Ellsworth St NE-NS/PS,CORTEWT1,CORTEWTH,4151,37.73892,-122.41455,0,ELLSWORTH ST,CORTLAND AVE,NS,NE,,0,04/20/2020 11:54:43 AM +0000,2206364,121,,"(37.73891505840526, -122.41453678969829)",83,9,2,2
8188,Geary Blvd&30TH Ave NE-NS/BZ,GEAR30A0,GEAR30AV,4273,37.779959,-122.489972,0,30TH AVE,GEARY BLVD,NS,NE,BZ,1,04/20/2020 11:54:43 AM +0000,2209577,121,,"(37.77995406053408, -122.4899587736894)",8,8,4,29
8496,Fillmore St&Cervantes Blvd NW-NS,FILLCVT0,FILLCVTS,4610,37.802817,-122.436806,0,BAY ST,FILLMORE ST,NS,NW,BZ,0,04/20/2020 11:54:43 AM +0000,2204496,121,,"(37.80281205477044, -122.43679277896935)",17,4,6,13
10588,Geary Blvd&3RD Ave NE-NS/BZ,GEAR 3A0,GEAR 3AV,4255,37.781277,-122.460938,0,3RD AVE,GEARY BLVD,NS,NE,BZ,1,04/20/2020 11:54:43 AM +0000,2204005,121,,"(37.78127205830435, -122.46092477786709)",5,8,4,11
9509,Divisadero St&Eddy St SW-FS/BZ,DIVIEDD0,DIVIEDDY,4415,37.780591,-122.438942,0,TURK ST,DIVISADERO ST,FS,SW,BZ,0,04/20/2020 11:54:43 AM +0000,2209066,121,,"(37.780586056753705, -122.43892878123032)",13,4,11,39
11246,Silver Ave&Lisbon St SW-NS/SB,SILVLIS0,SILVLISB,6410,37.728473,-122.428789,0,LISBON ST,SILVER AVE,NS,SW,,0,04/20/2020 11:54:43 AM +0000,2206924,121,,"(37.72846806030398, -122.42877578877774)",90,9,1,7
9253,Mission St&Power St NE-FS/BZ,MISSPOWR,,7841,37.746245,-122.419401,,PRECITA AVE,MISSION ST,,,,,04/20/2020 11:54:43 AM +0000,2210690,121,,"(37.746240058155, -122.41938778812666)",83,9,2,2
7779,Divisadero St&Hayes St NE-FS/BZ,DIVIHAY1,DIVIHAYS,4425,37.775059,-122.437739,0,HAYES ST,DIVISADERO ST,FS,NE,BZ,0,04/20/2020 11:54:43 AM +0000,2204051,121,,"(37.7750540571208, -122.4377257820514)",23,4,11,9
7932,The Embarcadero&Ferry Building W-MB,EMBRFRR0,,7283,37.794828,-122.39377,0,THE EMBARCADERO,MUNI RAIL  -F RROW,,,,0,04/20/2020 11:54:43 AM +0000,2208820,121,,"(37.79482305228091, -122.39375678632972)",108,6,3,8
8113,4080 Mission St NW-MB/BZ,MISS4080,MISS4080,5573,37.73217,-122.428,0,,MISSION ST,MB,NW,BZ,0,04/20/2020 11:54:43 AM +0000,2206965,121,,"(37.73216505994178, -122.42798678846866)",93,9,5,28
7714,Mission St&26th St SW-FS/BZ,MISS26S0,MISS26ST,5568,37.74857,-122.41818,0,26TH ST,MISSION ST,FS,SW,BZ,0,04/20/2020 11:54:43 AM +0000,2205615,121,,"(37.74856505787435, -122.41816678804022)",53,3,2,20
10208,Bosworth St&Diamond St SE-FS/BZ,BOSWDIA0,BOSWDIAM,3696,37.733488,-122.43408,0,DIAMOND ST,BOSWORTH ST,FS,SE,BZ,1,04/20/2020 11:54:43 AM +0000,2203311,121,,"(37.733483060276185, -122.43406678740836)",96,9,5,41
8629,Castro St&14TH St NE-FS/BZ,CTRO14S1,CTRO14ST,4307,37.76761,-122.43558,0,14TH ST,CASTRO ST,FS,NE,BZ,1,04/20/2020 11:54:43 AM +0000,2209575,121,,"(37.767605057575956, -122.43556678323705)",28,7,5,5
10417,Fillmore St&Geary Blvd NE-FS/BZ,FILLGEA1,FILLGEAR,4614,37.784733,-122.432921,0,GEARY BLVD,FILLMORE ST,FS,NE,BZ,1,04/20/2020 11:54:43 AM +0000,2206489,121,,"(37.784728055973154, -122.43290778164916)",101,4,11,15
10906,Silver Ave&Dartmouth St W-FS/PS,SILVDAR1,SILVDART,6405,37.729843,-122.413611,0,DARTMOUTH ST,SILVER AVE,FS,W,,0,04/20/2020 11:54:43 AM +0000,2206524,121,,"(37.72983805908543, -122.41359779088712)",91,2,2,25
10889,Castro St&Elizabeth St E-MI/SB,CTROELI1,CTROELIZ,4332,37.751886,-122.434053,0,ELIZABETH ST,CASTRO ST,MI,E,,0,04/20/2020 11:54:43 AM +0000,2204388,121,,"(37.75188105875884, -122.43403978528545)",84,3,5,22
9047,Jackson St&Scott St NE-NS/PS,JACKSCO0,JACKSCOT,5160,37.791932,-122.43924,0,SCOTT ST,JACKSON ST,NS,NE,,0,04/20/2020 11:54:43 AM +0000,2205182,121,,"(37.79192705584301, -122.43922677986993)",102,4,6,30
10756,Cortland Ave&Folsom St NW-FS/BZ,CORTFOL1,CORTFOLS,4153,37.739,-122.41366,0,FOLSOM ST,CORTLAND AVE,FS,NW,BZ,0,04/20/2020 11:54:43 AM +0000,2208550,121,,"(37.738995058333785, -122.41364678982201)",83,9,2,2
9216,Hudson Ave&Whitney Young Cir SE-NS,HUDSWTY1,HUDSWTYG,5050,37.733319,-122.381845,0,WHITNEY YOUNG CIR,HUDSON AVE,FS,SW,FL,0,04/20/2020 11:54:43 AM +0000,2206648,121,,"(37.733314056484545, -122.38183179523524)",86,2,9,1
9341,Fillmore St&Sacramento St NW-NS/BZ,FILLSAC0,FILLSACO,4637,37.789925,-122.4341,0,SACRAMENTO ST,FILLMORE ST,NS,NW,BZ,1,04/20/2020 11:54:43 AM +0000,2204610,121,,"(37.789920055632315, -122.43408678087059)",102,4,6,30
7929,18th St&Texas St NE-NS/BZ,18STTEX1,18STTEXS,3346,37.762701,-122.395422,0,TEXAS ST,18TH ST,NS,NE,BZ,0,04/20/2020 11:54:43 AM +0000,2203024,121,,"(37.76269605504941, -122.39540878980705)",54,2,9,26
9147,Middle Point & Acacia NW-NS,MDPTACAC,,7719,37.737074,-122.379516,,WEST POINT RD,MIDDLE POINT RD,,,,,04/20/2020 11:54:43 AM +0000,2210473,121,,"(37.73706905600472, -122.37950279514997)",86,2,9,1
9265,Silver Ave&Merrill St S-NS/PS,SILVMER0,SILVMERL,6412,37.731332,-122.408994,0,MERRILL ST,SILVER AVE,NS,S,,0,04/20/2020 11:54:43 AM +0000,2206809,121,,"(37.73132705862627, -122.40898079140518)",91,2,2,25
10963,Silver Ave&Gambier St NE-NS/PS,SILVGAM1,SILVGAMB,6406,37.7289,-122.422569,0,GAMBIER ST,SILVER AVE,NS,NE,,0,04/20/2020 11:54:43 AM +0000,2207278,121,,"(37.7288950598157, -122.42255578965761)",94,9,1,7
11192,Mission St&24th St NE-FS/BB,MISS24S1,MISS24ST,5565,37.752356,-122.418401,0,24TH ST,MISSION ST,FS,NE,BZ,1,04/20/2020 11:54:43 AM +0000,2209652,121,,"(37.75235105757853, -122.4183877875693)",53,3,2,20
10958,Castro St&20TH St NW-NS/PS,CTRO20S0,CTRO20ST,4318,37.75778,-122.43477,0,20TH ST,CASTRO ST,NS,NW,,0,04/20/2020 11:54:43 AM +0000,2204235,121,,"(37.75777505832591, -122.43475678449633)",115,3,5,5
9636,Silver Ave&Princeton St N-NS/PS,SILVPRT1,SILVPRTN,6417,37.729014,-122.416109,0,PRINCETON ST,SILVER AVE,NS,N,,0,04/20/2020 11:54:43 AM +0000,2208517,121,,"(37.72900905933578, -122.41609579060959)",92,2,2,25
9813,Woodside Ave&Balceta Ave SW-NS/SB,WDSDBAL1,WDSDBALC,6933,37.746489,-122.456441,0,BALCETA AVE,WOODSIDE AVE,NS,SW,FL,0,04/20/2020 11:54:43 AM +0000,2209775,121,,"(37.746484060835805, -122.45642778256747)",49,7,8,41
9115,Silver Ave&Lisbon St NE-NS/PS,SILVLIS1,,7431,37.728606,-122.428571,0,LISBON ST,SILVER AVE,,,,0,04/20/2020 11:54:43 AM +0000,2203463,121,,"(37.72860106027715, -122.42855778879495)",94,9,1,7
7930,Transit Center Bay 29,TBAYDECK,,7948,37.790136,-122.396146,0,MISSION ST,FREMONT ST,,,,0,04/20/2020 11:54:43 AM +0000,2210682,121,,"(37.79013105284111, -122.39613278651888)",32,1,10,8
10592,Mission St&Acton St E-FS/BZ,MISSACT1,MISSACTN,5574,37.708808,-122.452578,0,LAWRENCE AVE,MISSION ST,FS,E,BZ,1,04/20/2020 11:54:43 AM +0000,2205806,121,,"(37.70880306365658, -122.45256478749522)",58,9,1,7
8566,Castro St&23RD St W-MI/SB,CTRO23S0,CTRO23ST,4325,37.752895,-122.434316,0,23RD ST,CASTRO ST,MI,W,,0,04/20/2020 11:54:43 AM +0000,2210176,121,,"(37.75289005869495, -122.43430278512947)",84,3,5,22
8001,Geary St&Jones St NW-FS/BZ,GEARJON0,GEARJONE,4300,37.786769,-122.413332,0,JONES ST,GEARY ST,FS,NW,BZ,1,04/20/2020 11:54:43 AM +0000,2203807,121,,"(37.786764054374224, -122.41331878434)",50,6,3,36
9266,Mission St&6th St E-FS/BZ,MISS 6S1,MISS 6ST,5537,37.78119,-122.40831,0,6TH ST,MISSION ST,FS,E,BZ,0,04/20/2020 11:54:43 AM +0000,2205212,121,,"(37.78118505446666, -122.40829678573773)",32,1,10,34
11139,Beale St&Mission St W-MB/BZ,BEALMIS0,BEALMISS,3089,37.791939,-122.396879,0,DAVIS ST,BEALE ST,MB,W,BZ,1,04/20/2020 11:54:43 AM +0000,2202671,121,,"(37.79193405274616, -122.39686578620002)",108,6,10,8
11021,Geary Blvd&Spruce St NE-NS/BZ,GEARSPR0,GEARSPRC,4762,37.781849,-122.453075,0,SPRUCE ST,GEARY BLVD,NS,NE,BZ,0,04/20/2020 11:54:43 AM +0000,2204416,121,,"(37.78184405768285, -122.45306177897429)",11,8,6,31
10807,Divisadero St&Jackson St SE-NS/PS,DIVIJAC1,DIVIJACK,4427,37.79154,-122.44108,0,JACKSON ST,DIVISADERO ST,NS,SE,,0,04/20/2020 11:54:43 AM +0000,2204053,121,,"(37.791535056009764, -122.44106677964068)",102,4,6,30
11137,Silver Ave&Santa Fe Ave SW-NS/PS,SILVSTF0,,7288,37.734773,-122.401592,,SANTA FE AVE,SILVER AVE,,,,,04/20/2020 11:54:43 AM +0000,2207673,121,,"(37.73476805780312, -122.4015787921142)",87,2,9,1
9214,Newcomb Ave&La Salle Ave N-NS/PS,NEWCLSA1,NEWCLSAL,5489,37.733196,-122.385052,0,LA SALLE AVE,NEWCOMB AVE,NS,N,,0,04/20/2020 11:54:43 AM +0000,2210196,121,,"(37.73319105672835, -122.3850387947697)",86,2,9,1
9529,Whitney Young Cir&Progress St SE-FS,WTYGPRG0,WTYGPRGS,6983,37.733248,-122.383082,0,PROGRESS ST,WHITNEY YOUNG CIR,FS,SE,,0,04/20/2020 11:54:43 AM +0000,2208864,121,,"(37.73324305658056, -122.3830687950584)",86,2,9,1
10207,Fillmore St&Lombard St SW-FS/BZ,FILLLOM0,FILLLOMB,4627,37.799595,-122.436051,0,LOMBARD ST,FILLMORE ST,FS,SW,BZ,1,04/20/2020 11:54:43 AM +0000,2204603,121,,"(37.79959005498004, -122.43603777945647)",15,4,6,13
10549,Divisadero St&Eddy St SE-NS/BZ,DIVIEDD1,DIVIEDDY,4414,37.780591,-122.438942,0,SCOTT ST,EDDY ST,NS,SE,BZ,1,04/20/2020 11:54:43 AM +0000,2204045,121,,"(37.780586056753705, -122.43892878123032)",13,4,11,39
10314,Market St&Noe St S-NS/SI,MRKTNOE1,MRKTNOE,5687,37.763958,-122.433323,0,NOE ST,MARKET ST,NS,S,SI,0,04/20/2020 11:54:43 AM +0000,2206008,121,,"(37.763953057711774, -122.43330978399709)",38,3,5,5
7849,26th St&Noe St NW-FS/SB,26STNOE1,26STNOE,3520,37.74827,-122.43177,0,NOE ST,26TH ST,FS,NW,,1,04/20/2020 11:54:43 AM +0000,2203438,121,,"(37.748265058890105, -122.43175678604469)",84,3,5,22
8275,Fillmore St&Golden Gate Ave NE-FS,FILLG G1,FILLG G,4613,37.779859,-122.431955,0,GOLDEN GATE AVE,FILLMORE ST,FS,NE,BZ,1,04/20/2020 11:54:43 AM +0000,2204499,121,,"(37.779854056303456, -122.43194178235878)",97,4,11,39
10418,Mission St&Trumbull St W-FS/BZ,MISSTRU0,MISSTRUM,5625,37.73045,-122.42971,0,TRUMBULL ST,MISSION ST,FS,W,BZ,0,04/20/2020 11:54:43 AM +0000,2205512,121,,"(37.730445060208154, -122.42969678841189)",94,9,1,28
10386,Mission St&3rd St E-FS/BZ,MISS 3S1,MISS 3ST,5531,37.78651,-122.40157,0,3RD ST,MISSION ST,FS,E,BZ,0,04/20/2020 11:54:43 AM +0000,2205199,121,,"(37.786505053536125, -122.40155678612842)",32,1,10,8
10030,Palou Ave&Phelps St E-NS/PS,PALUPHL1,PALUPHLP,5879,37.7361,-122.394535,0,PHELPS ST,PALOU AVE,NS,E,,0,04/20/2020 11:54:43 AM +0000,2207030,121,,"(37.73609505717943, -122.39452179301605)",87,2,9,1
10880,Noe St&29th St NW-FS/PS,NOE 29S0,NOE 29ST,5736,37.743311,-122.431179,0,29TH ST,NOE ST,NS,NW,,0,04/20/2020 11:54:43 AM +0000,2209092,121,,"(37.74330605925547, -122.4311657867064)",84,9,5,22
8936,16th St&Folsom St NW-FS/BZ,16STFOL1,,7289,37.7654,-122.415428,0,FOLSOM ST,16TH ST,,,,0,04/20/2020 11:54:43 AM +0000,2210163,121,,"(37.76539505628694, -122.41541478650372)",53,3,2,20
9799,The Embarcadero&Howard St SW-FS/SB,EMBRHWR0,EMBRHWRD,4520,37.792159,-122.391066,0,HOWARD ST,THE EMBARCADERO,FS,SW,,0,04/20/2020 11:54:43 AM +0000,2204363,121,,"(37.79215405230321, -122.39105278704399)",108,1,10,8
10290,Evans Ave&3RD St S-FS/SB,EVAN 3S1,EVAN 3ST,4547,37.742628,-122.387862,0,3RD ST,EVANS AVE,FS,S,,0,04/20/2020 11:54:43 AM +0000,2204532,121,,"(37.742623056154294, -122.3878487932597)",86,2,9,1
10743,Fillmore St&Haight St NW-NS/BZ,FILLHAI0,FILLHAIT,4618,37.772199,-122.430537,0,HAIGHT ST,FILLMORE ST,NS,NW,BZ,1,04/20/2020 11:54:43 AM +0000,2204502,121,,"(37.77219405683016, -122.43052378345858)",26,4,11,9
8782,18th St&Pennsylvania Ave NE-NS/BZ,18STPEN1,18STPENN,3342,37.762828,-122.393471,0,PENNSYLVANIA AVE,18TH ST,NS,NE,BZ,0,04/20/2020 11:54:43 AM +0000,2203021,121,,"(37.762823054896614, -122.39345779008411)",54,2,9,26
8923,Hermann St&Fillmore St SE-FS/BZ,HERMFIL0,HERMFILL,5018,37.770248,-122.429701,0,FILLMORE ST,HERMANN ST,FS,SE,BZ,0,04/20/2020 11:54:43 AM +0000,2204998,121,,"(37.770243056929665, -122.42968778380954)",28,7,5,9
11037,Union St&Fillmore St NW-FS/BZ,UNINFIL0,UNINFILL,6754,37.797124,-122.435661,0,FILLMORE ST,UNION ST,FS,NW,BZ,0,04/20/2020 11:54:43 AM +0000,2207505,121,,"(37.79711905515459, -122.43564777980166)",15,4,6,13
10914,Palou Ave&Industrial St E-NS/SB,PALUIND1,PALUINDS,5867,37.739529,-122.400547,0,INDUSTRIAL ST,PALOU AVE,NS,E,,0,04/20/2020 11:54:43 AM +0000,2206313,121,,"(37.73952405733452, -122.40053379172096)",82,2,9,1
7944,Geary Blvd&25TH Ave NE-NS/BZ,GEAR25A0,GEAR25AV,4269,37.78022,-122.48461,0,25TH AVE,GEARY BLVD,NS,NE,BZ,1,04/20/2020 11:54:43 AM +0000,2203837,121,,"(37.780215060120824, -122.48459677445852)",8,8,4,29
8609,Geary Blvd&17TH Ave SW-NS/BZ,GEAR17A1,GEAR17AV,4264,37.780365,-122.476263,0,17TH AVE,GEARY BLVD,NS,SW,BZ,1,04/20/2020 11:54:43 AM +0000,2203825,121,,"(37.78036005949902, -122.47624977568654)",5,8,4,29
7859,Silver Ave&Bayshore Blvd E-FS/BZ,SILVBSH0,SILVBSHR,6397,37.733052,-122.404365,0,BAY SHORE BLVD,SILVER AVE,FS,E,BZ,0,04/20/2020 11:54:43 AM +0000,2209282,121,,"(37.733047058147136, -122.40435179189842)",87,2,9,1
7707,Jackson St&Webster St NW-FS/BZ,JACKWEB1,JACKWEBS,5167,37.792716,-122.433025,0,WEBSTER ST,JACKSON ST,NS,NE,,0,04/20/2020 11:54:43 AM +0000,2205257,121,,"(37.792711055324254, -122.43301178070722)",102,4,6,30
10054,Geary Blvd&Scott St NE-NS/BZ,GEARSCO0,GEARSCOT,4760,37.783847,-122.437761,0,SCOTT ST,GEARY BLVD,NS,NE,BZ,0,04/20/2020 11:54:43 AM +0000,2204414,121,,"(37.783842056399614, -122.43774778102903)",103,4,11,15
10474,Cole St&Carl St NE-FS/BZ,COLECAR1,COLECARL,4091,37.76594,-122.449911,0,CARL ST,COLE ST,FS,NE,BZ,1,04/20/2020 11:54:43 AM +0000,2203630,121,,"(37.76593505875954, -122.44989778129067)",29,7,11,3
10445,Mission St&7th St W-FS/BZ,MISS 7S0,MISS 7ST,5539,37.77897,-122.41135,0,7TH ST,MISSION ST,FS,W,BZ,1,04/20/2020 11:54:43 AM +0000,2206691,121,,"(37.77896505487157, -122.41133678554078)",32,1,10,34
7867,Mission St&1st St N-NS/BZ,MISS 1S0,MISS 1ST,5528,37.78992,-122.39749,0,01ST ST,MISSION ST,NS,N,BZ,0,04/20/2020 11:54:43 AM +0000,2206967,121,,"(37.789915052957106, -122.39747678634295)",108,1,10,8